name,interface
I.CASH.Trust2,I_CASH.3112
E.UCN,E_UCN.3201
E.NMC,E_NMC.3202
E.OCG,E_OCG.3205
E.XSYS,E_XSYS.3206
W.OCG.T3T4,WAN_OCG.672 WAN_OCG.673 WAN_OCG.676 WAN_OCG.677 WAN_OCG.680 WAN_OCG.681
I.OMDC.FE,I_OMDCFE.791
I.OMDCFEMGT,I_OMDCFEM.795
I.MMDH.PL,I_MMDHPL.871
I.MMDH.PL2,I_MMDHPL.873
I.TOFAPP,I_TOFAPP.3101
I.SATWEB,I_SATWEB.3102
I.OAdmAPP,I_OADMAPP.3103
I.OAdmWEB,I_OADMWEB.3104
I.OMC,I_OMC.3106
W.OMDC.T3T4,WAN_OMDC.602 WAN_OMDC.603 WAN_OMDC.606 WAN_OMDC.607 WAN_OMDC.610 WAN_OMDC.611
I.MMDH.PLM,I_MMDHPLM.872
E.TOF1,E_TOF1.351
E.TOF2,E_TOF2.461
E.OMDD,E_OMDD.3216
E.OMDD4,E_OMDD4.1442
E.HKATS,E_HKATS.3213
E.CSC3,E_CSC.1258
E.SMARTS,E_SMARTS.3211
E.MDF,E_MDF.3217
E.WATEREZOES,E_WATEREZ.3215
I.CNMC,I_CNMC.3113
E.TOF,E_TOF.3212
I.BCAN,I_BCAN.3119
E.EMFTProxy.CASH2,E_EMFTP.C2.3223
E.EMFTAdmin,E_EMFTPA.3224
I.MMDHPLT,I_MMDHPLT.1105
I.CCI,I_CCI.3161
I.CASH.OTPC,I_OTPC.3105
E.UCN,E_UCN.3203
E.NMC,E_NMC.3204
I.OADMAPP,I_OADMAPP.3107
I.TOFAPP,I_TOFAPP.3108
I.OADMWEB,I_OADMWEB.3109
I.CNMC,I_CNMC.3114
E.TOF,E_TOF.3218
I.CASH.CSC,I_CSC.3116
I.CCI,I_CCI.3162
I.IISCORE,I_IISCORE.3164
